pair_id,complexity,n_nodes_total,is_equivalent_ground_truth,set_n_applicable,set_n_detected,set_n_mr_fired,set_segura_applicable,set_segura_detected,set_segura_mr_fired,seed,timestamp
testAddRedundantSemiJoinRule,medium,10,True,0,0,,1,0,,22,2026-05-06T06:42:10+00:00
testAggregateCaseToFilter,easy,7,True,0,0,,0,0,,22,2026-05-06T06:42:10+00:00
testAggregateConstantKeyRule,medium,11,True,0,0,,0,0,,22,2026-05-06T06:42:10+00:00
testAggregateConstantKeyRule3,medium,13,True,0,0,,0,0,,22,2026-05-06T06:42:10+00:00
testAggregateDynamicFunction,medium,13,True,0,0,,0,0,,22,2026-05-06T06:42:10+00:00
testAggregateExtractProjectRule,easy,5,True,0,0,,0,0,,22,2026-05-06T06:42:10+00:00
testAggregateExtractProjectRuleWithGroupingSets,easy,5,True,0,0,,0,0,,22,2026-05-06T06:42:10+00:00
testAggregateExtractProjectRuleWithGroupingSets2,easy,5,True,0,0,,0,0,,22,2026-05-06T06:42:10+00:00
testAggregateGroupingSetsProjectMerge,medium,8,True,0,0,,0,0,,22,2026-05-06T06:42:10+00:00
testAggregateJoinRemove1,easy,7,True,0,0,,0,0,,22,2026-05-06T06:42:10+00:00
testAggregateJoinRemove10,medium,13,True,0,0,,0,0,,22,2026-05-06T06:42:10+00:00
testAggregateJoinRemove11,easy,7,True,0,0,,0,0,,22,2026-05-06T06:42:10+00:00
testAggregateJoinRemove2,easy,7,True,0,0,,0,0,,22,2026-05-06T06:42:10+00:00
testAggregateJoinRemove3,medium,9,True,0,0,,1,1,join_perm,22,2026-05-06T06:42:10+00:00
testAggregateJoinRemove4,easy,7,True,0,0,,0,0,,22,2026-05-06T06:42:10+00:00
testAggregateJoinRemove5,easy,7,True,0,0,,0,0,,22,2026-05-06T06:42:10+00:00
testAggregateJoinRemove6,medium,9,True,0,0,,1,1,join_perm,22,2026-05-06T06:42:10+00:00
testAggregateJoinRemove7,medium,11,True,0,0,,1,0,,22,2026-05-06T06:42:10+00:00
testAggregateJoinRemove8,medium,11,True,0,0,,1,0,,22,2026-05-06T06:42:10+00:00
testAggregateJoinRemove9,medium,11,True,0,0,,1,0,,22,2026-05-06T06:42:10+00:00
testAggregateMerge1,easy,5,True,0,0,,0,0,,22,2026-05-06T06:42:10+00:00
testAggregateMerge2,easy,7,True,0,0,,0,0,,22,2026-05-06T06:42:10+00:00
testAggregateMerge8,easy,5,True,0,0,,0,0,,22,2026-05-06T06:42:10+00:00
testAggregateMergeSum0,easy,5,True,0,0,,0,0,,22,2026-05-06T06:42:10+00:00
testAggregateProjectMerge,medium,8,True,0,0,,0,0,,22,2026-05-06T06:42:10+00:00
testAggregateProjectPullUpConstants,medium,9,True,0,0,,0,0,,22,2026-05-06T06:42:10+00:00
testAggregateProjectPullUpConstants2,easy,7,True,0,0,,0,0,,22,2026-05-06T06:42:10+00:00
testAggregateRemove1,easy,6,True,0,0,,0,0,,22,2026-05-06T06:42:10+00:00
testAggregateRemove2,easy,5,True,0,0,,0,0,,22,2026-05-06T06:42:10+00:00
testAggregateRemove3,easy,6,True,0,0,,0,0,,22,2026-05-06T06:42:10+00:00
testAggregateRemove7,medium,11,True,0,0,,0,0,,22,2026-05-06T06:42:10+00:00
testAggregateUnionTransposeWithOneInputUnique,easy,4,True,0,0,,0,0,,22,2026-05-06T06:42:10+00:00
testAggregateUnionTransposeWithTopLevelGroupSetRemapping,easy,6,True,0,0,,0,0,,22,2026-05-06T06:42:10+00:00
testAll,medium,12,True,1,1,select_push,0,0,,22,2026-05-06T06:42:10+00:00
testAlreadyFalseEliminatesFilter,easy,3,True,0,0,,0,0,,22,2026-05-06T06:42:10+00:00
testAntiCorrelateWithLeftEmpty,easy,0,True,0,0,,0,0,,22,2026-05-06T06:42:10+00:00
testAntiCorrelateWithRightEmpty,easy,1,True,0,0,,0,0,,22,2026-05-06T06:42:10+00:00
testAntiJoinProjectTranspose,hard,14,True,0,0,,1,0,,22,2026-05-06T06:42:10+00:00
testAnyInProjectNonNullable,medium,9,True,0,0,,0,0,,22,2026-05-06T06:42:10+00:00
testAnyInProjectNullable,medium,12,True,0,0,,0,0,,22,2026-05-06T06:42:10+00:00
testBitAndReuseDistinctAttrWithMixedOptionality,easy,7,True,0,0,,0,0,,22,2026-05-06T06:42:10+00:00
testBitOrReuseDistinctAttrWithMixedOptionality,easy,7,True,0,0,,0,0,,22,2026-05-06T06:42:10+00:00
testCasePushIsAlwaysWorking,easy,6,True,0,0,,0,0,,22,2026-05-06T06:42:10+00:00
testCastInAggregateExpandDistinctAggregatesRule,medium,11,True,0,0,,0,0,,22,2026-05-06T06:42:10+00:00
testCastInAggregateReduceFunctions,medium,8,True,0,0,,0,0,,22,2026-05-06T06:42:10+00:00
testCorrelateWithoutCorrelationToEmpty,easy,2,True,0,0,,0,0,,22,2026-05-06T06:42:10+00:00
testCustomColumnResolvingInCorrelatedSubQuery,easy,6,True,0,0,,0,0,,22,2026-05-06T06:42:10+00:00
testCustomColumnResolvingInCorrelatedSubQuery2,easy,6,True,0,0,,0,0,,22,2026-05-06T06:42:10+00:00
testCustomColumnResolvingInNonCorrelatedSubQuery,medium,10,True,0,0,,0,0,,22,2026-05-06T06:42:10+00:00
testDecorrelateAggWithConstantGroupKey,medium,8,True,0,0,,0,0,,22,2026-05-06T06:42:10+00:00
testDecorrelateExists,medium,10,True,0,0,,0,0,,22,2026-05-06T06:42:10+00:00
testDecorrelateTwoExists,hard,17,True,1,1,select_push,0,0,,22,2026-05-06T06:42:10+00:00
testDecorrelateTwoIn,medium,11,True,0,0,,0,0,,22,2026-05-06T06:42:10+00:00
testDecorrelateUncorrelatedInAndCorrelatedExists,hard,15,True,0,0,,0,0,,22,2026-05-06T06:42:10+00:00
testDigestOfApproximateDistinctAggregateCall,easy,4,True,0,0,,0,0,,22,2026-05-06T06:42:10+00:00
testDistinctCount1,easy,6,True,0,0,,0,0,,22,2026-05-06T06:42:10+00:00
testDistinctCount2,medium,9,True,0,0,,0,0,,22,2026-05-06T06:42:10+00:00
testDistinctCount3,medium,11,True,0,0,,0,0,,22,2026-05-06T06:42:10+00:00
testDistinctCountGroupingSets1,medium,8,True,0,0,,0,0,,22,2026-05-06T06:42:10+00:00
testDistinctCountGroupingSets2,medium,9,True,0,0,,0,0,,22,2026-05-06T06:42:10+00:00
testDistinctCountMixed,medium,9,True,0,0,,0,0,,22,2026-05-06T06:42:10+00:00
testDistinctCountMixed2,medium,8,True,0,0,,0,0,,22,2026-05-06T06:42:10+00:00
testDistinctCountMixedJoin,hard,18,True,0,0,,0,0,,22,2026-05-06T06:42:10+00:00
testDistinctCountMultiple,medium,8,True,0,0,,0,0,,22,2026-05-06T06:42:10+00:00
testDistinctCountMultipleNoGroup,easy,7,True,0,0,,0,0,,22,2026-05-06T06:42:10+00:00
testDistinctCountMultipleViaJoin,hard,18,True,0,0,,0,0,,22,2026-05-06T06:42:10+00:00
testDistinctCountWithExpandSumType,medium,8,True,0,0,,0,0,,22,2026-05-06T06:42:10+00:00
testDistinctCountWithoutGroupBy,easy,7,True,0,0,,0,0,,22,2026-05-06T06:42:10+00:00
testDistinctNonDistinctAggregates,medium,11,True,0,0,,1,1,join_perm,22,2026-05-06T06:42:10+00:00
testDistinctNonDistinctAggregatesWithGrouping1,easy,7,True,0,0,,0,0,,22,2026-05-06T06:42:10+00:00
testDistinctNonDistinctAggregatesWithGrouping2,easy,7,True,0,0,,0,0,,22,2026-05-06T06:42:10+00:00
testDistinctNonDistinctTwoAggregatesWithGrouping,easy,7,True,0,0,,0,0,,22,2026-05-06T06:42:10+00:00
testDistinctWithDiffFiltersAndSameGroupSet,medium,8,True,0,0,,0,0,,22,2026-05-06T06:42:10+00:00
testDistinctWithFilterAndGroupBy,medium,9,True,0,0,,0,0,,22,2026-05-06T06:42:10+00:00
testDistinctWithFilterWithoutGroupBy,medium,8,True,0,0,,0,0,,22,2026-05-06T06:42:10+00:00
testDistinctWithGrouping,easy,7,True,0,0,,0,0,,22,2026-05-06T06:42:10+00:00
testDistinctWithMultipleInputs,easy,7,True,0,0,,0,0,,22,2026-05-06T06:42:10+00:00
testDistinctWithMultipleInputsAndGroupby,easy,7,True,0,0,,0,0,,22,2026-05-06T06:42:10+00:00
testEmptyAggregate,easy,2,True,0,0,,0,0,,22,2026-05-06T06:42:10+00:00
testEmptyAggregateEmptyKeyWithAggregateValuesRule,easy,1,True,0,0,,0,0,,22,2026-05-06T06:42:10+00:00
testEmptyFilterProjectUnion,easy,4,True,0,0,,1,1,disjoint_split,22,2026-05-06T06:42:10+00:00
testEmptyIntersect,easy,0,True,0,0,,0,0,,22,2026-05-06T06:42:10+00:00
testEmptyMinus,easy,0,True,0,0,,0,0,,22,2026-05-06T06:42:10+00:00
testEmptyMinus2,easy,0,True,0,0,,0,0,,22,2026-05-06T06:42:10+00:00
testEmptyProject,easy,2,True,0,0,,0,0,,22,2026-05-06T06:42:10+00:00
testEmptyProject2,easy,2,True,0,0,,0,0,,22,2026-05-06T06:42:10+00:00
testEmptySort,easy,4,True,0,0,,0,0,,22,2026-05-06T06:42:10+00:00
testEmptySort2,easy,1,True,0,0,,0,0,,22,2026-05-06T06:42:10+00:00
testEmptySortLimitZero,easy,3,True,0,0,,0,0,,22,2026-05-06T06:42:10+00:00
testEmptyTable,easy,2,True,0,0,,0,0,,22,2026-05-06T06:42:10+00:00
testEmptyTableTransformsComplexQueryToSingleTableScan,medium,10,True,1,0,,0,0,,22,2026-05-06T06:42:10+00:00
testExistsWithAtLeastOneRowSubQuery,easy,5,True,0,0,,0,0,,22,2026-05-06T06:42:10+00:00
testExistsWithNoRowSubQuery,easy,5,True,0,0,,0,0,,22,2026-05-06T06:42:10+00:00
testExpandFilterConstantInCorrelatedWithTwoSubQueries,easy,7,True,0,0,,0,0,,22,2026-05-06T06:42:10+00:00
testExpandFilterConstantInWithTwoSubQueries,hard,23,True,1,1,select_push,0,0,,22,2026-05-06T06:42:10+00:00
testExpandFilterExists,medium,12,True,1,1,select_push,0,0,,22,2026-05-06T06:42:10+00:00
testExpandFilterExistsSimple,medium,11,True,0,0,,0,0,,22,2026-05-06T06:42:10+00:00
testExpandFilterExistsSimpleAnd,medium,12,True,1,1,select_push,0,0,,22,2026-05-06T06:42:10+00:00
testExpandFilterIn,medium,12,True,1,1,select_push,0,0,,22,2026-05-06T06:42:10+00:00
testExpandFilterIn3Value,hard,17,True,1,1,select_push,0,0,,22,2026-05-06T06:42:10+00:00
testExpandFilterInComposite,medium,11,True,1,1,select_push,0,0,,22,2026-05-06T06:42:10+00:00
testExpandFilterInCorrelatedWithTwoSubQueries,easy,7,True,0,0,,0,0,,22,2026-05-06T06:42:10+00:00
testExpandFilterInWithTwoSubQueries,hard,27,True,1,1,select_push,0,0,,22,2026-05-06T06:42:10+00:00
testExpandFilterScalar,hard,17,True,1,1,select_push,0,0,,22,2026-05-06T06:42:10+00:00
testExpandJoinExists,hard,14,True,0,0,,1,0,,22,2026-05-06T06:42:10+00:00
testExpandJoinScalar,hard,20,True,0,0,,1,0,,22,2026-05-06T06:42:10+00:00
testExpandProjectExists,medium,9,True,0,0,,0,0,,22,2026-05-06T06:42:10+00:00
testExpandProjectIn,medium,9,True,0,0,,0,0,,22,2026-05-06T06:42:10+00:00
testExpandProjectInComposite,medium,8,True,0,0,,0,0,,22,2026-05-06T06:42:10+00:00
testExpandProjectInNullable,hard,16,True,0,0,,0,0,,22,2026-05-06T06:42:10+00:00
testExpandProjectInWithTwoSubQueries,hard,22,True,0,0,,0,0,,22,2026-05-06T06:42:10+00:00
testExpandProjectScalar,medium,9,True,0,0,,0,0,,22,2026-05-06T06:42:10+00:00
testExpandWhereComparisonCorrelated,easy,6,True,0,0,,0,0,,22,2026-05-06T06:42:10+00:00
testExpressionSimplification1,easy,6,True,0,0,,0,0,,22,2026-05-06T06:42:10+00:00
testExpressionSimplification2,easy,6,True,0,0,,0,0,,22,2026-05-06T06:42:10+00:00
testExtractJoinFilterRule,medium,9,True,1,1,select_push,1,1,join_perm,22,2026-05-06T06:42:10+00:00
testExtractYearMonthToRange,easy,6,True,0,0,,0,0,,22,2026-05-06T06:42:10+00:00
testExtractYearToRange,easy,6,True,0,0,,0,0,,22,2026-05-06T06:42:10+00:00
testFilterJoinRuleAndIsNotNull,medium,10,True,1,1,select_push,1,1,join_perm,22,2026-05-06T06:42:10+00:00
testFilterJoinRuleOrIsNotNull,medium,10,True,1,1,select_push,1,1,join_perm,22,2026-05-06T06:42:10+00:00
testFilterProjectTranspose,easy,4,True,0,0,,0,0,,22,2026-05-06T06:42:10+00:00
testFilterRemoveIsNotDistinctFromRule,easy,4,True,0,0,,0,0,,22,2026-05-06T06:42:10+00:00
testFlattenUncorrelatedCallBelowEquals,easy,4,True,0,0,,0,0,,22,2026-05-06T06:42:10+00:00
testFlattenUncorrelatedTwoLevelCallBelowEqualsSucceeds,easy,4,True,0,0,,0,0,,22,2026-05-06T06:42:10+00:00
testFullOuterJoinSimplificationToInner,medium,12,True,1,1,select_push,1,0,,22,2026-05-06T06:42:10+00:00
testFullOuterJoinSimplificationToLeftOuter,medium,11,True,1,0,,1,0,,22,2026-05-06T06:42:10+00:00
testFullOuterJoinSimplificationToRightOuter,medium,11,True,1,1,select_push,1,0,,22,2026-05-06T06:42:10+00:00
testGroupByBooleanLiteralSimple,medium,9,True,0,0,,0,0,,22,2026-05-06T06:42:10+00:00
testGroupByDateLiteralSimple,medium,9,True,0,0,,0,0,,22,2026-05-06T06:42:10+00:00
testGroupByMultipleLiterals,medium,9,True,0,0,,0,0,,22,2026-05-06T06:42:10+00:00
testInferringPredicatesWithNotOperatorInJoinCondition,medium,10,True,0,0,,1,0,,22,2026-05-06T06:42:10+00:00
testInnerCorrelateWithLeftEmpty,easy,0,True,0,0,,0,0,,22,2026-05-06T06:42:10+00:00
testInnerCorrelateWithRightEmpty,easy,0,True,0,0,,0,0,,22,2026-05-06T06:42:10+00:00
testIntersectToDistinct,easy,4,True,0,0,,0,0,,22,2026-05-06T06:42:10+00:00
testJoinAssociateRuleWithBottomAlwaysTrueConditionAllowed,medium,10,True,0,0,,1,1,join_perm,22,2026-05-06T06:42:10+00:00
testJoinAssociateRuleWithTopAlwaysTrueConditionAllowed,medium,10,True,0,0,,1,1,join_perm,22,2026-05-06T06:42:10+00:00
testJoinCommuteRuleWithAlwaysTrueConditionAllowed,easy,7,True,0,0,,1,1,join_perm,22,2026-05-06T06:42:10+00:00
testJoinConditionPushdown1,medium,13,True,1,0,,0,0,,22,2026-05-06T06:42:10+00:00
testJoinConditionPushdown2,medium,10,True,1,0,,1,0,,22,2026-05-06T06:42:10+00:00
testJoinConditionPushdown4,medium,13,True,0,0,,1,0,,22,2026-05-06T06:42:10+00:00
testJoinConditionPushdown6,medium,9,True,0,0,,1,0,,22,2026-05-06T06:42:10+00:00
testJoinDeriveIsNotNullFilterRule1,medium,10,True,0,0,,1,0,,22,2026-05-06T06:42:10+00:00
testJoinDeriveIsNotNullFilterRule12,medium,10,True,0,0,,1,0,,22,2026-05-06T06:42:10+00:00
testJoinDeriveIsNotNullFilterRule15,medium,9,True,0,0,,1,0,,22,2026-05-06T06:42:10+00:00
testJoinDeriveIsNotNullFilterRule2,medium,13,True,0,0,,1,0,,22,2026-05-06T06:42:10+00:00
testJoinDeriveIsNotNullFilterRule3,medium,10,True,0,0,,1,0,,22,2026-05-06T06:42:10+00:00
testJoinDeriveIsNotNullFilterRule4,medium,10,True,0,0,,1,0,,22,2026-05-06T06:42:10+00:00
testJoinDeriveIsNotNullFilterRule5,medium,13,True,0,0,,1,0,,22,2026-05-06T06:42:10+00:00
testJoinProjectTranspose1,hard,16,True,0,0,,1,0,,22,2026-05-06T06:42:10+00:00
testJoinProjectTranspose7,medium,10,True,0,0,,1,0,,22,2026-05-06T06:42:10+00:00
testJoinProjectTranspose8,medium,10,True,0,0,,1,0,,22,2026-05-06T06:42:10+00:00
testJoinProjectTransposeWindow,medium,12,True,0,0,,1,0,,22,2026-05-06T06:42:10+00:00
testJoinPushTransitivePredicatesRule2,hard,33,True,0,0,,1,0,,22,2026-05-06T06:42:10+00:00
testLeftCorrelateWithBothEmpty1,easy,1,True,0,0,,0,0,,22,2026-05-06T06:42:10+00:00
testLeftCorrelateWithBothEmpty2,easy,0,True,0,0,,0,0,,22,2026-05-06T06:42:10+00:00
testLeftCorrelateWithBothEmpty3,easy,1,True,0,0,,0,0,,22,2026-05-06T06:42:10+00:00
testLeftCorrelateWithLeftEmpty,easy,0,True,0,0,,0,0,,22,2026-05-06T06:42:10+00:00
testLeftCorrelateWithRightEmpty,easy,2,True,0,0,,0,0,,22,2026-05-06T06:42:10+00:00
testLeftEmptyAntiJoin,easy,4,True,0,0,,0,0,,22,2026-05-06T06:42:10+00:00
testLeftEmptyFullJoin,medium,9,True,0,0,,0,0,,22,2026-05-06T06:42:10+00:00
testLeftEmptyInnerJoin,easy,7,True,0,0,,0,0,,22,2026-05-06T06:42:10+00:00
testLeftEmptyLeftJoin,easy,7,True,0,0,,0,0,,22,2026-05-06T06:42:10+00:00
testLeftEmptyRightJoin,medium,9,True,0,0,,0,0,,22,2026-05-06T06:42:10+00:00
testLeftEmptySemiJoin,easy,4,True,0,0,,0,0,,22,2026-05-06T06:42:10+00:00
testLeftOuterJoinSimplificationToInner,medium,11,True,1,1,select_push,1,0,,22,2026-05-06T06:42:10+00:00
testMaxReuseDistinctAttrWithMixedOptionality,easy,7,True,0,0,,0,0,,22,2026-05-06T06:42:10+00:00
testMergeFilter,medium,9,True,0,0,,0,0,,22,2026-05-06T06:42:10+00:00
testMergeIntersect,easy,0,True,0,0,,0,0,,22,2026-05-06T06:42:10+00:00
testMergeJoinFilter,medium,12,True,0,0,,1,0,,22,2026-05-06T06:42:10+00:00
testMergeMinus,easy,0,True,0,0,,0,0,,22,2026-05-06T06:42:10+00:00
testMergeUnionAll,easy,2,True,0,0,,0,0,,22,2026-05-06T06:42:10+00:00
testMergeUnionDistinct,easy,2,True,0,0,,0,0,,22,2026-05-06T06:42:10+00:00
testMergeUnionMixed2,easy,2,True,0,0,,0,0,,22,2026-05-06T06:42:10+00:00
testMinReuseDistinctAttrWithMixedOptionality,easy,7,True,0,0,,0,0,,22,2026-05-06T06:42:10+00:00
testMultipleDistinctWithGrouping,hard,18,True,0,0,,0,0,,22,2026-05-06T06:42:10+00:00
testNoOversimplificationBelowIsNull,easy,6,True,0,0,,0,0,,22,2026-05-06T06:42:10+00:00
testOrAlwaysTrue,medium,9,True,0,0,,0,0,,22,2026-05-06T06:42:10+00:00
testOrAlwaysTrue2,medium,9,True,0,0,,0,0,,22,2026-05-06T06:42:10+00:00
testOversimplifiedCaseStatement,easy,6,True,0,0,,0,0,,22,2026-05-06T06:42:10+00:00
testProjectAggregateMerge,medium,8,True,0,0,,0,0,,22,2026-05-06T06:42:10+00:00
testProjectAggregateMergeSum0,easy,7,True,0,0,,0,0,,22,2026-05-06T06:42:10+00:00
testProjectAggregateMergeSum0AndSum,medium,8,True,0,0,,0,0,,22,2026-05-06T06:42:10+00:00
testProjectCorrelateTransposeRuleAntiCorrelate,easy,1,True,0,0,,0,0,,22,2026-05-06T06:42:10+00:00
testProjectCorrelateTransposeRuleLeftCorrelate,easy,5,True,0,0,,0,0,,22,2026-05-06T06:42:10+00:00
testProjectCorrelateTransposeRuleSemiCorrelate,easy,1,True,0,0,,0,0,,22,2026-05-06T06:42:10+00:00
testProjectFilterTransposeRuleOnEmptyRowType,easy,7,True,0,0,,0,0,,22,2026-05-06T06:42:10+00:00
testProjectJoinRemove1,medium,10,True,0,0,,1,0,,22,2026-05-06T06:42:10+00:00
testProjectJoinRemove10,easy,6,True,0,0,,0,0,,22,2026-05-06T06:42:10+00:00
testProjectJoinRemove4,easy,6,True,0,0,,0,0,,22,2026-05-06T06:42:10+00:00
testProjectJoinRemove7,easy,6,True,0,0,,0,0,,22,2026-05-06T06:42:10+00:00
testProjectJoinTransposeItem,hard,14,True,0,0,,1,0,,22,2026-05-06T06:42:10+00:00
testProjectSetOpTranspose,easy,4,True,0,0,,0,0,,22,2026-05-06T06:42:10+00:00
testPullAggregateThroughUnion,easy,4,True,0,0,,0,0,,22,2026-05-06T06:42:10+00:00
testPullAggregateThroughUnion2,easy,4,True,0,0,,0,0,,22,2026-05-06T06:42:10+00:00
testPullAggregateThroughUnionAndAddProjects,easy,4,True,0,0,,0,0,,22,2026-05-06T06:42:10+00:00
testPullAggregateThroughUnionWithAlias,easy,5,True,0,0,,0,0,,22,2026-05-06T06:42:10+00:00
testPullConstantIntoFilter,medium,10,True,1,0,,0,0,,22,2026-05-06T06:42:10+00:00
testPullConstantIntoJoin,medium,13,True,0,0,,1,0,,22,2026-05-06T06:42:10+00:00
testPullConstantIntoJoin2,hard,15,True,0,0,,1,0,,22,2026-05-06T06:42:10+00:00
testPullConstantIntoProject,easy,6,True,0,0,,0,0,,22,2026-05-06T06:42:10+00:00
testPullConstantIntoProjectWithIsNotDistinctFrom,easy,6,True,0,0,,0,0,,22,2026-05-06T06:42:10+00:00
testPullConstantIntoProjectWithIsNotDistinctFromDate,easy,6,True,0,0,,0,0,,22,2026-05-06T06:42:10+00:00
testPullConstantIntoProjectWithIsNotDistinctFromForNull,easy,6,True,0,0,,0,0,,22,2026-05-06T06:42:10+00:00
testPullConstantThroughAggregateAllConst,easy,7,True,0,0,,0,0,,22,2026-05-06T06:42:10+00:00
testPullConstantThroughAggregateAllLiterals,easy,7,True,0,0,,0,0,,22,2026-05-06T06:42:10+00:00
testPullConstantThroughAggregateConstGroupBy,easy,7,True,0,0,,0,0,,22,2026-05-06T06:42:10+00:00
testPullConstantThroughAggregatePermuted,medium,8,True,0,0,,0,0,,22,2026-05-06T06:42:10+00:00
testPullConstantThroughAggregatePermutedConstFirst,easy,7,True,0,0,,0,0,,22,2026-05-06T06:42:10+00:00
testPullConstantThroughAggregatePermutedConstGroupBy,easy,7,True,0,0,,0,0,,22,2026-05-06T06:42:10+00:00
testPullConstantThroughAggregateSimpleNonNullable,easy,7,True,0,0,,0,0,,22,2026-05-06T06:42:10+00:00
testPullConstantThroughConstLast,easy,7,True,0,0,,0,0,,22,2026-05-06T06:42:10+00:00
testPullConstantThroughUnion,easy,3,True,0,0,,0,0,,22,2026-05-06T06:42:10+00:00
testPullConstantThroughUnion3,easy,3,True,0,0,,0,0,,22,2026-05-06T06:42:10+00:00
testPullConstantThroughUnionSameTypeNullableField,easy,3,True,0,0,,0,0,,22,2026-05-06T06:42:10+00:00
testPullFilterThroughAggregate,medium,8,True,0,0,,0,0,,22,2026-05-06T06:42:10+00:00
testPullFilterThroughAggregateGroupingSets,medium,9,True,0,0,,0,0,,22,2026-05-06T06:42:10+00:00
testPullNull,easy,6,True,0,0,,0,0,,22,2026-05-06T06:42:10+00:00
testPushAboveFiltersIntoInnerJoinCondition,medium,9,True,1,1,select_push,1,1,join_perm,22,2026-05-06T06:42:10+00:00
testPushAggregateFunctionsThroughJoin,medium,12,True,0,0,,1,0,,22,2026-05-06T06:42:10+00:00
testPushAggregateSumNoGroup,medium,11,True,0,0,,1,0,,22,2026-05-06T06:42:10+00:00
testPushAggregateSumThroughJoin,hard,16,True,0,0,,1,0,,22,2026-05-06T06:42:10+00:00
testPushAggregateSumThroughJoinAfterAggregateReduce,hard,16,True,0,0,,1,0,,22,2026-05-06T06:42:10+00:00
testPushAggregateSumWithoutGroupKeyThroughJoin,hard,15,True,0,0,,1,0,,22,2026-05-06T06:42:10+00:00
testPushAggregateThroughJoin1,medium,13,True,0,0,,1,0,,22,2026-05-06T06:42:10+00:00
testPushAggregateThroughJoin2,hard,16,True,0,0,,1,0,,22,2026-05-06T06:42:10+00:00
testPushAggregateThroughJoin4,medium,10,True,0,0,,1,0,,22,2026-05-06T06:42:10+00:00
testPushAggregateThroughJoin5,medium,11,True,0,0,,1,0,,22,2026-05-06T06:42:10+00:00
testPushAggregateThroughJoin6,medium,12,True,0,0,,1,0,,22,2026-05-06T06:42:10+00:00
testPushAggregateThroughJoin7,medium,11,True,0,0,,1,0,,22,2026-05-06T06:42:10+00:00
testPushAggregateThroughJoin8,medium,11,True,0,0,,1,0,,22,2026-05-06T06:42:10+00:00
testPushAggregateThroughJoinDistinct,medium,11,True,0,0,,1,0,,22,2026-05-06T06:42:10+00:00
testPushAggregateThroughJoinOnEmptyLogicalValues,medium,13,True,0,0,,1,0,,22,2026-05-06T06:42:10+00:00
testPushAggregateThroughJoinWithUniqueInput,hard,14,True,0,0,,1,0,,22,2026-05-06T06:42:10+00:00
testPushAggregateThroughOuterJoin1,hard,14,True,0,0,,1,0,,22,2026-05-06T06:42:10+00:00
testPushAggregateThroughOuterJoin12,hard,14,True,0,0,,1,0,,22,2026-05-06T06:42:10+00:00
testPushAggregateThroughOuterJoin13,hard,14,True,0,0,,1,0,,22,2026-05-06T06:42:10+00:00
testPushAggregateThroughOuterJoin14,hard,14,True,0,0,,1,0,,22,2026-05-06T06:42:10+00:00
testPushAggregateThroughOuterJoin15,hard,14,True,0,0,,1,0,,22,2026-05-06T06:42:10+00:00
testPushAggregateThroughOuterJoin16,hard,16,True,0,0,,1,0,,22,2026-05-06T06:42:10+00:00
testPushAggregateThroughOuterJoin2,hard,14,True,0,0,,1,0,,22,2026-05-06T06:42:10+00:00
testPushAggregateThroughOuterJoin3,hard,14,True,0,0,,1,0,,22,2026-05-06T06:42:10+00:00
testPushAggregateThroughOuterJoin4,hard,14,True,0,0,,1,0,,22,2026-05-06T06:42:10+00:00
testPushAggregateThroughOuterJoin5,hard,14,True,0,0,,1,0,,22,2026-05-06T06:42:10+00:00
testPushAggregateThroughOuterJoin6,medium,13,True,0,0,,1,0,,22,2026-05-06T06:42:10+00:00
testPushAggregateThroughOuterJoin7,hard,16,True,0,0,,1,0,,22,2026-05-06T06:42:10+00:00
testPushAggregateThroughOuterJoin8,hard,16,True,0,0,,1,0,,22,2026-05-06T06:42:10+00:00
testPushAggregateThroughOuterJoin9,hard,16,True,0,0,,1,0,,22,2026-05-06T06:42:10+00:00
testPushAvgGroupingSetsThroughUnion,easy,5,True,0,0,,0,0,,22,2026-05-06T06:42:10+00:00
testPushAvgThroughUnion,easy,5,True,0,0,,0,0,,22,2026-05-06T06:42:10+00:00
testPushBoolAndBoolOrThroughUnion,easy,4,True,0,0,,0,0,,22,2026-05-06T06:42:10+00:00
testPushCountFilterThroughUnion,easy,5,True,0,0,,0,0,,22,2026-05-06T06:42:10+00:00
testPushCountNullableGroupingSetsThroughUnion,easy,5,True,0,0,,0,0,,22,2026-05-06T06:42:10+00:00
testPushCountNullableThroughUnion,easy,5,True,0,0,,0,0,,22,2026-05-06T06:42:10+00:00
testPushCountStarGroupingSetsThroughUnion,easy,5,True,0,0,,0,0,,22,2026-05-06T06:42:10+00:00
testPushCountStarThroughUnion,easy,5,True,0,0,,0,0,,22,2026-05-06T06:42:10+00:00
testPushFilterPastAgg,medium,10,True,0,0,,0,0,,22,2026-05-06T06:42:10+00:00
testPushFilterPastAggFour,medium,8,True,0,0,,0,0,,22,2026-05-06T06:42:10+00:00
testPushFilterPastAggTwo,medium,13,True,0,0,,0,0,,22,2026-05-06T06:42:10+00:00
testPushFilterPastAggWithGroupingSets2,medium,10,True,0,0,,0,0,,22,2026-05-06T06:42:10+00:00
testPushFilterPastProject,hard,19,True,1,1,distinct_idem,1,0,,22,2026-05-06T06:42:10+00:00
testPushFilterSemijoin,medium,9,True,0,0,,1,0,,22,2026-05-06T06:42:10+00:00
testPushFilterThroughSemiJoin,medium,12,True,1,1,select_push,1,0,,22,2026-05-06T06:42:10+00:00
testPushFilterWithIsNotDistinctFromPastJoin,medium,9,True,1,1,select_push,1,1,join_perm,22,2026-05-06T06:42:10+00:00
testPushJoinCondDownToProject,medium,12,True,1,0,,1,0,,22,2026-05-06T06:42:10+00:00
testPushJoinThroughUnionOnLeft,easy,6,True,0,0,,0,0,,22,2026-05-06T06:42:10+00:00
testPushJoinThroughUnionOnRight,easy,6,True,0,0,,0,0,,22,2026-05-06T06:42:10+00:00
testPushMaxNullableGroupingSetsThroughUnion,easy,5,True,0,0,,0,0,,22,2026-05-06T06:42:10+00:00
testPushMaxNullableThroughUnion,easy,5,True,0,0,,0,0,,22,2026-05-06T06:42:10+00:00
testPushMinGroupingSetsThroughUnion,easy,5,True,0,0,,0,0,,22,2026-05-06T06:42:10+00:00
testPushMinThroughUnion,easy,5,True,0,0,,0,0,,22,2026-05-06T06:42:10+00:00
testPushProjectPastFilter,easy,7,True,0,0,,0,0,,22,2026-05-06T06:42:10+00:00
testPushProjectPastFilter2,medium,9,True,0,0,,0,0,,22,2026-05-06T06:42:10+00:00
testPushProjectPastFilter3b,easy,7,True,0,0,,0,0,,22,2026-05-06T06:42:10+00:00
testPushProjectPastFilter3c,easy,7,True,0,0,,0,0,,22,2026-05-06T06:42:10+00:00
testPushProjectPastFullJoin,hard,14,True,0,0,,1,0,,22,2026-05-06T06:42:10+00:00
testPushProjectPastFullJoinStrong,hard,14,True,0,0,,1,0,,22,2026-05-06T06:42:10+00:00
testPushProjectPastInnerJoin,hard,14,True,0,0,,1,0,,22,2026-05-06T06:42:10+00:00
testPushProjectPastInnerJoinStrong,hard,14,True,0,0,,1,0,,22,2026-05-06T06:42:10+00:00
testPushProjectPastJoin,medium,10,True,0,0,,1,0,,22,2026-05-06T06:42:10+00:00
testPushProjectPastLeftJoin,hard,14,True,0,0,,1,0,,22,2026-05-06T06:42:10+00:00
testPushProjectPastLeftJoinSwap,hard,14,True,0,0,,1,0,,22,2026-05-06T06:42:10+00:00
testPushProjectPastLeftJoinSwapStrong,hard,14,True,0,0,,1,0,,22,2026-05-06T06:42:10+00:00
testPushProjectPastOutJoinWithCastNonNullExpr,hard,16,True,0,0,,1,0,,22,2026-05-06T06:42:10+00:00
testPushProjectPastRightJoin,hard,14,True,0,0,,1,0,,22,2026-05-06T06:42:10+00:00
testPushProjectPastRightJoinStrong,hard,14,True,0,0,,1,0,,22,2026-05-06T06:42:10+00:00
testPushProjectPastRightJoinSwap,hard,14,True,0,0,,1,0,,22,2026-05-06T06:42:10+00:00
testPushProjectPastRightJoinSwapStrong,hard,14,True,0,0,,1,0,,22,2026-05-06T06:42:10+00:00
testPushProjectPastSetOp,easy,3,True,0,0,,0,0,,22,2026-05-06T06:42:10+00:00
testPushProjectWithIsNotDistinctFromPastJoin,hard,14,True,0,0,,1,0,,22,2026-05-06T06:42:10+00:00
testPushProjectWithOverPastJoin1,medium,10,True,0,0,,1,0,,22,2026-05-06T06:42:10+00:00
testPushProjectWithOverPastJoin2,medium,10,True,0,0,,1,0,,22,2026-05-06T06:42:10+00:00
testPushProjectWithOverPastJoin3,medium,10,True,0,0,,1,0,,22,2026-05-06T06:42:10+00:00
testPushSemiJoinConditions,medium,12,True,0,0,,1,0,,22,2026-05-06T06:42:10+00:00
testPushSemiJoinPastFilter,medium,12,True,1,0,,1,0,,22,2026-05-06T06:42:10+00:00
testPushSemiJoinPastJoinRuleLeft,hard,17,True,1,0,,1,0,,22,2026-05-06T06:42:10+00:00
testPushSemiJoinPastJoinRuleNotHappensJoinKeysDifferentOrigin,hard,17,True,1,0,,1,0,,22,2026-05-06T06:42:10+00:00
testPushSemiJoinPastJoinRuleRight,hard,17,True,1,0,,1,0,,22,2026-05-06T06:42:10+00:00
testPushSemiJoinPastProject,medium,13,True,1,1,select_push,1,0,,22,2026-05-06T06:42:10+00:00
testPushSumConstantGroupingSetsThroughUnion,easy,5,True,0,0,,0,0,,22,2026-05-06T06:42:10+00:00
testPushSumConstantThroughUnion,easy,5,True,0,0,,0,0,,22,2026-05-06T06:42:10+00:00
testPushSumCountStarGroupingSetsThroughUnion,easy,5,True,0,0,,0,0,,22,2026-05-06T06:42:10+00:00
testPushSumCountStarThroughUnion,easy,5,True,0,0,,0,0,,22,2026-05-06T06:42:10+00:00
testPushSumNullConstantGroupingSetsThroughUnion,easy,5,True,0,0,,0,0,,22,2026-05-06T06:42:10+00:00
testPushSumNullConstantThroughUnion,easy,5,True,0,0,,0,0,,22,2026-05-06T06:42:10+00:00
testPushSumNullableGroupingSetsThroughUnion,easy,5,True,0,0,,0,0,,22,2026-05-06T06:42:10+00:00
testPushSumNullableNOGBYThroughUnion,easy,5,True,0,0,,0,0,,22,2026-05-06T06:42:10+00:00
testPushSumNullableThroughUnion,easy,5,True,0,0,,0,0,,22,2026-05-06T06:42:10+00:00
testReduceAggregateFunctionsByGroup,medium,8,True,0,0,,0,0,,22,2026-05-06T06:42:10+00:00
testReduceAllAggregateFunctions,medium,8,True,0,0,,0,0,,22,2026-05-06T06:42:10+00:00
testReduceAverage,easy,7,True,0,0,,0,0,,22,2026-05-06T06:42:10+00:00
testReduceAverageAndSumWithNoReduceStddevAndVar,easy,7,True,0,0,,0,0,,22,2026-05-06T06:42:10+00:00
testReduceAverageAndVarWithNoReduceStddev,medium,8,True,0,0,,0,0,,22,2026-05-06T06:42:10+00:00
testReduceAverageWithNoReduceSum,easy,7,True,0,0,,0,0,,22,2026-05-06T06:42:10+00:00
testReduceCase,easy,4,True,0,0,,0,0,,22,2026-05-06T06:42:10+00:00
testReduceCaseNullabilityChange,easy,4,True,0,0,,0,0,,22,2026-05-06T06:42:10+00:00
testReduceCastAndConsts,easy,6,True,0,0,,0,0,,22,2026-05-06T06:42:10+00:00
testReduceCasts,hard,16,True,0,0,,1,1,join_perm,22,2026-05-06T06:42:10+00:00
testReduceCompositeInSubQuery,easy,6,True,0,0,,0,0,,22,2026-05-06T06:42:10+00:00
testReduceConstants,medium,8,True,0,0,,0,0,,22,2026-05-06T06:42:10+00:00
testReduceConstants3,medium,10,True,1,1,select_push,1,1,join_perm,22,2026-05-06T06:42:10+00:00
testReduceConstantsCaseEquals,medium,8,True,0,0,,0,0,,22,2026-05-06T06:42:10+00:00
testReduceConstantsCaseEquals2,medium,8,True,0,0,,0,0,,22,2026-05-06T06:42:10+00:00
testReduceConstantsCaseEquals3,medium,8,True,0,0,,0,0,,22,2026-05-06T06:42:10+00:00
testReduceConstantsDup,easy,4,True,0,0,,0,0,,22,2026-05-06T06:42:10+00:00
testReduceConstantsDup2,easy,4,True,0,0,,0,0,,22,2026-05-06T06:42:10+00:00
testReduceConstantsDup3,easy,5,True,0,0,,0,0,,22,2026-05-06T06:42:10+00:00
testReduceConstantsDup3Null,easy,6,True,0,0,,0,0,,22,2026-05-06T06:42:10+00:00
testReduceConstantsDupNot,easy,5,True,0,0,,0,0,,22,2026-05-06T06:42:10+00:00
testReduceConstantsDupNot2,easy,5,True,0,0,,0,0,,22,2026-05-06T06:42:10+00:00
testReduceConstantsDupNot2Null,easy,6,True,0,0,,0,0,,22,2026-05-06T06:42:10+00:00
testReduceConstantsDupNotNull,easy,6,True,0,0,,0,0,,22,2026-05-06T06:42:10+00:00
testReduceConstantsEliminatesFilter,easy,3,True,0,0,,0,0,,22,2026-05-06T06:42:10+00:00
testReduceConstantsIsNotNull,easy,6,True,0,0,,0,0,,22,2026-05-06T06:42:10+00:00
testReduceConstantsIsNull,easy,4,True,0,0,,0,0,,22,2026-05-06T06:42:10+00:00
testReduceConstantsNegated,easy,4,True,0,0,,0,0,,22,2026-05-06T06:42:10+00:00
testReduceConstantsNegatedInverted,easy,4,True,0,0,,0,0,,22,2026-05-06T06:42:10+00:00
testReduceConstantsNull,medium,10,True,0,0,,0,0,,22,2026-05-06T06:42:10+00:00
testReduceConstantsNullEqualsOne,easy,6,True,0,0,,0,0,,22,2026-05-06T06:42:10+00:00
testReduceConstantsProjectNullable,easy,6,True,0,0,,0,0,,22,2026-05-06T06:42:10+00:00
testReduceConstantsRequiresExecutor,easy,3,True,0,0,,0,0,,22,2026-05-06T06:42:10+00:00
testReduceDynamic,easy,4,True,0,0,,0,0,,22,2026-05-06T06:42:10+00:00
testReduceNestedCaseWhen,easy,6,True,0,0,,0,0,,22,2026-05-06T06:42:10+00:00
testReduceNullableToNotNull,easy,4,True,0,0,,0,0,,22,2026-05-06T06:42:10+00:00
testReduceNullableToNotNull2,easy,4,True,0,0,,0,0,,22,2026-05-06T06:42:10+00:00
testReduceOrCaseWhen,easy,6,True,0,0,,0,0,,22,2026-05-06T06:42:10+00:00
testReduceValuesToEmpty,easy,2,True,0,0,,0,0,,22,2026-05-06T06:42:10+00:00
testReduceValuesUnderFilter,easy,3,True,0,0,,0,0,,22,2026-05-06T06:42:10+00:00
testReduceValuesUnderProject,easy,1,True,0,0,,0,0,,22,2026-05-06T06:42:10+00:00
testReduceValuesUnderProjectFilter,easy,2,True,0,0,,0,0,,22,2026-05-06T06:42:10+00:00
testReduceWithNonTypePredicate,medium,8,True,0,0,,0,0,,22,2026-05-06T06:42:10+00:00
testRemoveDistinctOnAgg,easy,6,True,0,0,,0,0,,22,2026-05-06T06:42:10+00:00
testRemoveSemiJoin,medium,9,True,1,1,select_push,1,1,join_perm,22,2026-05-06T06:42:10+00:00
testRemoveSemiJoinRight,medium,13,True,1,0,,0,0,,22,2026-05-06T06:42:10+00:00
testRemoveSemiJoinRightWithFilter,hard,14,True,1,0,,1,0,,22,2026-05-06T06:42:10+00:00
testRemoveSemiJoinWithFilter,medium,10,True,1,0,,1,0,,22,2026-05-06T06:42:10+00:00
testRightEmptyAntiJoin,easy,5,True,0,0,,0,0,,22,2026-05-06T06:42:10+00:00
testRightEmptyAntiJoinNonEqui,easy,5,True,0,0,,0,0,,22,2026-05-06T06:42:10+00:00
testRightEmptyFullJoin,medium,9,True,0,0,,0,0,,22,2026-05-06T06:42:10+00:00
testRightEmptyInnerJoin,easy,7,True,0,0,,0,0,,22,2026-05-06T06:42:10+00:00
testRightEmptyLeftJoin,medium,9,True,0,0,,0,0,,22,2026-05-06T06:42:10+00:00
testRightEmptyRightJoin,easy,7,True,0,0,,0,0,,22,2026-05-06T06:42:10+00:00
testRightEmptySemiJoin,easy,4,True,0,0,,0,0,,22,2026-05-06T06:42:10+00:00
testRightOuterJoinSimplificationToInner,medium,11,True,1,0,,1,0,,22,2026-05-06T06:42:10+00:00
testSelectAnyCorrelated,medium,9,True,0,0,,0,0,,22,2026-05-06T06:42:10+00:00
testSelectNotInCorrelated,easy,7,True,0,0,,0,0,,22,2026-05-06T06:42:10+00:00
testSemiCorrelateWithLeftEmpty,easy,0,True,0,0,,0,0,,22,2026-05-06T06:42:10+00:00
testSemiCorrelateWithRightEmpty,easy,0,True,0,0,,0,0,,22,2026-05-06T06:42:10+00:00
testSemiJoinProjectTranspose,hard,14,True,0,0,,1,0,,22,2026-05-06T06:42:10+00:00
testSemiJoinReduceConstants,hard,18,True,0,0,,0,0,,22,2026-05-06T06:42:10+00:00
testSemiJoinRule,medium,12,True,0,0,,1,0,,22,2026-05-06T06:42:10+00:00
testSemiJoinRuleExists,medium,12,True,0,0,,1,0,,22,2026-05-06T06:42:10+00:00
testSemiJoinRuleLeft,medium,9,True,0,0,,0,0,,22,2026-05-06T06:42:10+00:00
testSemiJoinRuleWithHint,medium,11,True,0,0,,1,0,,22,2026-05-06T06:42:10+00:00
testSemiJoinRuleWithJoinOnUniqueInput,medium,9,True,0,0,,0,0,,22,2026-05-06T06:42:10+00:00
testSemiJoinRuleWithJoinOnUniqueInputWithAlias,medium,12,True,0,0,,1,1,join_perm,22,2026-05-06T06:42:10+00:00
testSemiJoinTrim,hard,19,True,0,0,,1,0,,22,2026-05-06T06:42:10+00:00
testSimplifyFilter,medium,10,True,1,0,,0,0,,22,2026-05-06T06:42:10+00:00
testSkipReduceConstantsCaseEquals,medium,9,True,1,1,select_push,1,1,join_perm,22,2026-05-06T06:42:10+00:00
testSome,medium,12,True,1,1,select_push,0,0,,22,2026-05-06T06:42:10+00:00
testSomeWithEquality,medium,9,True,0,0,,0,0,,22,2026-05-06T06:42:10+00:00
testSomeWithEquality2,medium,10,True,0,0,,0,0,,22,2026-05-06T06:42:10+00:00
testSomeWithNotEquality,medium,12,False,1,1,select_push,0,0,,22,2026-05-06T06:42:10+00:00
testSomeWithTwoCorrelatedSubQueries,easy,7,True,0,0,,0,0,,22,2026-05-06T06:42:10+00:00
testSomeWithTwoSubQueries,hard,19,True,1,1,select_push,0,0,,22,2026-05-06T06:42:10+00:00
testSortJoinCopyInnerJoinOrderBy,medium,11,True,0,0,,1,0,,22,2026-05-06T06:42:10+00:00
testSortJoinCopyInnerJoinOrderByLimit,medium,13,True,0,0,,1,0,,22,2026-05-06T06:42:10+00:00
testSortJoinCopyInnerJoinOrderByTwoFields,medium,12,True,0,0,,1,0,,22,2026-05-06T06:42:10+00:00
testSortJoinCopySemiJoinOrderBy,medium,11,True,0,0,,1,0,,22,2026-05-06T06:42:10+00:00
testSortJoinCopySemiJoinOrderByLimitOffset,medium,11,True,0,0,,1,0,,22,2026-05-06T06:42:10+00:00
testSortJoinCopySemiJoinOrderByOffset,medium,11,True,0,0,,1,0,,22,2026-05-06T06:42:10+00:00
testSortJoinTranspose1,medium,13,True,0,0,,1,0,,22,2026-05-06T06:42:10+00:00
testSortJoinTranspose2,medium,13,True,0,0,,1,0,,22,2026-05-06T06:42:10+00:00
testSortJoinTranspose4,medium,13,True,0,0,,1,0,,22,2026-05-06T06:42:10+00:00
testSortJoinTranspose6,medium,11,True,0,0,,1,0,,22,2026-05-06T06:42:10+00:00
testSortProjectTranspose1,medium,8,True,0,0,,0,0,,22,2026-05-06T06:42:10+00:00
testSortProjectTranspose2,medium,8,True,0,0,,0,0,,22,2026-05-06T06:42:10+00:00
testSortRemovalAllKeysConstant,medium,13,True,0,0,,0,0,,22,2026-05-06T06:42:10+00:00
testSortRemovalOneKeyConstant,hard,14,True,0,0,,0,0,,22,2026-05-06T06:42:10+00:00
testSortUnionTranspose,easy,5,True,0,0,,0,0,,22,2026-05-06T06:42:10+00:00
testSortUnionTranspose2,easy,5,True,0,0,,0,0,,22,2026-05-06T06:42:10+00:00
testSortUnionTranspose3,easy,5,True,0,0,,0,0,,22,2026-05-06T06:42:10+00:00
testSpatialContainsPoint,easy,6,True,0,0,,0,0,,22,2026-05-06T06:42:10+00:00
testSpatialDWithinLine,easy,6,True,0,0,,0,0,,22,2026-05-06T06:42:10+00:00
testSpatialDWithinReversed,easy,6,True,0,0,,0,0,,22,2026-05-06T06:42:10+00:00
testSpatialDWithinToHilbert,easy,6,True,0,0,,0,0,,22,2026-05-06T06:42:10+00:00
testSpatialDWithinToHilbertNegative,easy,4,False,0,0,,0,0,,22,2026-05-06T06:42:10+00:00
testSpatialDWithinToHilbertZero,easy,6,True,0,0,,0,0,,22,2026-05-06T06:42:10+00:00
testSpatialReduce,easy,4,True,0,0,,0,0,,22,2026-05-06T06:42:10+00:00
testStrengthenJoinType,medium,11,True,1,1,select_push,1,0,,22,2026-05-06T06:42:10+00:00
testSumAndDistinctSumWithExpandSumType,medium,8,True,0,0,,0,0,,22,2026-05-06T06:42:10+00:00
testSwapOuterJoin,medium,9,True,0,0,,1,1,join_perm,22,2026-05-06T06:42:10+00:00
testTransitiveInferenceAggregate,hard,15,True,0,0,,1,0,,22,2026-05-06T06:42:10+00:00
testTransitiveInferenceComplexPredicate,medium,13,True,1,1,distinct_idem,1,0,,22,2026-05-06T06:42:10+00:00
testTransitiveInferenceConjunctInPullUp,medium,11,True,0,0,,1,0,,22,2026-05-06T06:42:10+00:00
testTransitiveInferenceJoin,medium,11,True,0,0,,1,0,,22,2026-05-06T06:42:10+00:00
testTransitiveInferenceJoin3way,hard,16,True,0,0,,1,0,,22,2026-05-06T06:42:10+00:00
testTransitiveInferenceJoin3wayAgg,hard,20,True,0,0,,1,0,,22,2026-05-06T06:42:10+00:00
testTransitiveInferenceLeftOuterJoin,medium,13,True,1,1,select_push,1,0,,22,2026-05-06T06:42:10+00:00
testTransitiveInferenceProject,medium,13,True,0,0,,1,0,,22,2026-05-06T06:42:10+00:00
testTransitiveInferencePullUpThruAlias,medium,13,True,0,0,,1,0,,22,2026-05-06T06:42:10+00:00
testTransitiveInferenceRightOuterJoin,medium,13,True,1,1,select_push,1,0,,22,2026-05-06T06:42:10+00:00
testTransitiveInferenceUnion,medium,9,True,0,0,,1,0,,22,2026-05-06T06:42:10+00:00
testTransitiveInferenceUnion3way,medium,9,True,0,0,,1,0,,22,2026-05-06T06:42:10+00:00
testTransitiveInferenceUnionAlwaysTrue,medium,13,True,0,0,,1,0,,22,2026-05-06T06:42:10+00:00
testUncorrelatedCallInConjunctionIsFlattenedOnlyIfSiblingOfCorrelation,easy,4,True,0,0,,0,0,,22,2026-05-06T06:42:10+00:00
testUnionMergeRule,easy,3,True,0,0,,0,0,,22,2026-05-06T06:42:10+00:00
testUnionToDistinctRule,easy,3,True,0,0,,1,1,disjoint_split,22,2026-05-06T06:42:10+00:00
testWhereAnyCorrelatedInSelect,medium,11,True,0,0,,0,0,,22,2026-05-06T06:42:10+00:00
testWhereExpressionInCorrelated,medium,11,True,0,0,,0,0,,22,2026-05-06T06:42:10+00:00
testWhereExpressionInCorrelated2,medium,11,True,0,0,,0,0,,22,2026-05-06T06:42:10+00:00
testWhereInCorrelated,medium,8,True,0,0,,0,0,,22,2026-05-06T06:42:10+00:00
testWhereInJoinCorrelated,medium,8,True,1,0,,0,0,,22,2026-05-06T06:42:10+00:00
testWhereNotInCorrelated,hard,14,True,1,1,select_push,0,0,,22,2026-05-06T06:42:10+00:00
testWhereNotInCorrelated2,hard,18,True,1,1,select_push,0,0,,22,2026-05-06T06:42:10+00:00
testWhereOrSubQuery,medium,10,True,1,1,select_push,0,0,,22,2026-05-06T06:42:10+00:00
testWithinDistinct,medium,9,True,0,0,,0,0,,22,2026-05-06T06:42:10+00:00
testWithinDistinctCountDistinct,medium,9,True,0,0,,0,0,,22,2026-05-06T06:42:10+00:00
testWithinDistinctFilteredAggs,medium,10,True,0,0,,0,0,,22,2026-05-06T06:42:10+00:00
testWithinDistinctFilteredAggsSameFilter,medium,10,True,0,0,,0,0,,22,2026-05-06T06:42:10+00:00
testWithinDistinctFilteredAggsUniformDistinctKeys,medium,10,True,0,0,,0,0,,22,2026-05-06T06:42:10+00:00
testWithinDistinctFilteredAggsUniformDistinctKeysNoThrow,medium,10,True,0,0,,0,0,,22,2026-05-06T06:42:10+00:00
testWithinDistinctNoThrow,medium,9,True,0,0,,0,0,,22,2026-05-06T06:42:10+00:00
testWithinDistinctUniformDistinctKeys,medium,9,True,0,0,,0,0,,22,2026-05-06T06:42:10+00:00
testWithinDistinctUniformDistinctKeysNoThrow,medium,8,True,0,0,,0,0,,22,2026-05-06T06:42:10+00:00
