MathClass.java,MathClass,org.pitest.mutationtest.engine.gregor.mutators.ConditionalsBoundaryMutator,gcd,236,SURVIVED,none
MathClass.java,MathClass,org.pitest.mutationtest.engine.gregor.mutators.ConditionalsBoundaryMutator,gcd,244,SURVIVED,none
MathClass.java,MathClass,org.pitest.mutationtest.engine.gregor.mutators.ConditionalsBoundaryMutator,gcd,260,NO_COVERAGE,none
MathClass.java,MathClass,org.pitest.mutationtest.engine.gregor.mutators.InvertNegsMutator,gcd,240,TIMED_OUT,none
MathClass.java,MathClass,org.pitest.mutationtest.engine.gregor.mutators.InvertNegsMutator,gcd,242,SURVIVED,none
MathClass.java,MathClass,org.pitest.mutationtest.engine.gregor.mutators.InvertNegsMutator,gcd,248,TIMED_OUT,none
MathClass.java,MathClass,org.pitest.mutationtest.engine.gregor.mutators.InvertNegsMutator,gcd,250,SURVIVED,none
MathClass.java,MathClass,org.pitest.mutationtest.engine.gregor.mutators.MathMutator,gcd,231,SURVIVED,none
MathClass.java,MathClass,org.pitest.mutationtest.engine.gregor.mutators.MathMutator,gcd,258,NO_COVERAGE,none
MathClass.java,MathClass,org.pitest.mutationtest.engine.gregor.mutators.MathMutator,gcd,268,NO_COVERAGE,none
MathClass.java,MathClass,org.pitest.mutationtest.engine.gregor.mutators.NegateConditionalsMutator,gcd,227,KILLED,TestSuite_setN_MathClass_gcd_0_rho_eqref.test44_rho_eqref(TestSuite_setN_MathClass_gcd_0_rho_eqref)
MathClass.java,MathClass,org.pitest.mutationtest.engine.gregor.mutators.NegateConditionalsMutator,gcd,227,KILLED,TestSuite_setN_MathClass_gcd_0_rho_eqref.test44_rho_eqref(TestSuite_setN_MathClass_gcd_0_rho_eqref)
MathClass.java,MathClass,org.pitest.mutationtest.engine.gregor.mutators.NegateConditionalsMutator,gcd,228,KILLED,TestSuite_setN_MathClass_gcd_0_rho_eqref.test80_rho_eqref(TestSuite_setN_MathClass_gcd_0_rho_eqref)
MathClass.java,MathClass,org.pitest.mutationtest.engine.gregor.mutators.NegateConditionalsMutator,gcd,228,KILLED,TestSuite_setN_MathClass_gcd_0_rho_eqref.test80_rho_eqref(TestSuite_setN_MathClass_gcd_0_rho_eqref)
MathClass.java,MathClass,org.pitest.mutationtest.engine.gregor.mutators.NegateConditionalsMutator,gcd,236,TIMED_OUT,none
MathClass.java,MathClass,org.pitest.mutationtest.engine.gregor.mutators.NegateConditionalsMutator,gcd,237,KILLED,TestSuite_setN_MathClass_gcd_0_rho_eqref.test28_rho_eqref(TestSuite_setN_MathClass_gcd_0_rho_eqref)
MathClass.java,MathClass,org.pitest.mutationtest.engine.gregor.mutators.NegateConditionalsMutator,gcd,244,TIMED_OUT,none
MathClass.java,MathClass,org.pitest.mutationtest.engine.gregor.mutators.NegateConditionalsMutator,gcd,245,KILLED,TestSuite_setN_MathClass_gcd_0_rho_eqref.test28_rho_eqref(TestSuite_setN_MathClass_gcd_0_rho_eqref)
MathClass.java,MathClass,org.pitest.mutationtest.engine.gregor.mutators.NegateConditionalsMutator,gcd,252,KILLED,TestSuite_setN_MathClass_gcd_0_rho_eqref.test79_rho_eqref(TestSuite_setN_MathClass_gcd_0_rho_eqref)
MathClass.java,MathClass,org.pitest.mutationtest.engine.gregor.mutators.NegateConditionalsMutator,gcd,253,NO_COVERAGE,none
MathClass.java,MathClass,org.pitest.mutationtest.engine.gregor.mutators.NegateConditionalsMutator,gcd,259,NO_COVERAGE,none
MathClass.java,MathClass,org.pitest.mutationtest.engine.gregor.mutators.NegateConditionalsMutator,gcd,260,NO_COVERAGE,none
MathClass.java,MathClass,org.pitest.mutationtest.engine.gregor.mutators.returns.PrimitiveReturnsMutator,gcd,231,KILLED,TestSuite_setN_MathClass_gcd_0_rho_eqref.test79_rho_eqref(TestSuite_setN_MathClass_gcd_0_rho_eqref)
MathClass.java,MathClass,org.pitest.mutationtest.engine.gregor.mutators.returns.PrimitiveReturnsMutator,gcd,263,NO_COVERAGE,none
MathClass.java,MathClass,org.pitest.mutationtest.engine.gregor.mutators.returns.PrimitiveReturnsMutator,gcd,270,KILLED,TestSuite_setN_MathClass_gcd_0_rho_eqref.test79_rho_eqref(TestSuite_setN_MathClass_gcd_0_rho_eqref)
